question_id,question_text,answer_id,answer_text,is_correct
1,Quel est le but principal des lunettes?,1,Meilleure vue,True
1,Quel est le but principal des lunettes?,2,+10pt en charisme,False
2,Lequel de ces mat√©riaux est couramment utilis√© pour les lentilles?,3,Polycarbonate,True
2,Lequel de ces mat√©riaux est couramment utilis√© pour les lentilles?,4,Chicken masala,False
3,Que signifie la vision 20/20?,5,Acu√Øt√© visuelle normale,True
3,Que signifie la vision 20/20?,6,Vision d'un x-men,False
4,Qu'est-ce que l'astigmatisme?,7,Un d√©faut de la courbure de l'≈ìil,True
4,Qu'est-ce que l'astigmatisme?,8,Un plat en sauce,False
5,Quel est le but du rev√™tement anti-reflet?,9,R√©duire l'√©blouissement,True
5,Quel est le but du rev√™tement anti-reflet?,10,Rendre les lunettes plus lourdes de quelques nanogrammes,False
6,Quelle partie des lunettes repose sur votre nez?,11,Les plaquettes de nez,True
6,Quelle partie des lunettes repose sur votre nez?,12,les plaquettes de frein,False
7,Que fait la protection UV dans les lunettes de soleil?,13,Bloque les rayons ultraviolets,True
7,Que fait la protection UV dans les lunettes de soleil?,14,Bloque les anticorps du covid,False
8,Quel est le terme commun pour la presbytie?,15,Hypermetropie li√©e √† l'√¢ge,True
8,Quel est le terme commun pour la presbytie?,16,Tu la vois toi la fourmis ??,False
9,Qu'est-ce qu'une lentille bifocale?,17,Une lentille avec deux puissances optiques,True
9,Qu'est-ce qu'une lentille bifocale?,18,Une lentille de boeuf,False
10,Qu'est-ce que le pont des lunettes?,19,La partie qui relie les lentilles,True
10,Qu'est-ce que le pont des lunettes?,20,Un pont pr√®s de Chatelet fabriqu√© en ac√©tate de lunettes,False
11,Quel est le principal avantage des lentilles polaris√©es?,21,R√©duit l'√©blouissement des surfaces r√©fl√©chissantes,True
11,Quel est le principal avantage des lentilles polaris√©es?,22,Abscence de trouble mentaux,False
12,Qu'est-ce que la myopie?,23,J'arrive pas √† lire les CGU,True
12,Qu'est-ce que la myopie?,24,J'arrive pas √† distinguer les nuages,False
13,Qu'est-ce que l'hyperm√©tropie?,25,Vision de loin,True
13,Qu'est-ce que l'hyperm√©tropie?,26,Attrait charnel pour l'√©nergie des m√©tros,False
14,Lequel de ces rev√™tements de lentilles est un type de rev√™tement?,27,Anti-rayures,True
14,Lequel de ces rev√™tements de lentilles est un type de rev√™tement?,28,Mangekyu Sharingan,False
15,Que signifie le terme 'taille de la monture'?,29,Les dimensions de la monture des lunettes,True
15,Que signifie le terme 'taille de la monture'?,30,Poids du canasson üê¥,False
16,Quelle est la fonction des lentilles photochromiques?,31,Assombrir en r√©ponse √† la lumi√®re du soleil,True
16,Quelle est la fonction des lentilles photochromiques?,32,Corriger les tics de langue,False
17,C'est quoi un BV,33,Bilan visuel,True
17,C'est quoi un BV,34,Un baveux,False
18,Qu'est-ce que la DP dans une ordonnance de lunettes?,35,Distance pupillaire,True
18,Qu'est-ce que la DP dans une ordonnance de lunettes?,36,La depe (*d√©p√©* = Grange en albanais),False
20,Quel est le nom commun des lentilles de contact?,39,Lentilles de contact,True
20,Quel est le nom commun des lentilles de contact?,40,Vo√ªte plantaire visuelle,False
21,Quelle partie de l'≈ìil est corrig√©e par la chirurgie LASIK?,41,La corn√©e,True
21,Quelle partie de l'≈ìil est corrig√©e par la chirurgie LASIK?,42,L'encornet,False
22,Quel est le principal sympt√¥me des cataractes?,43,Vision trouble,True
22,Quel est le principal sympt√¥me des cataractes?,44,Tsukuyomi infini,False
23,Quel est le but d'une ordonnance de lentilles?,45,Sp√©cifie la puissance des lentilles n√©cessaire,True
23,Quel est le but d'une ordonnance de lentilles?,46,Augmenter son ratio K/D/A sur Battlefield,False
24,Que signifie le rev√™tement AR?,47,Anti-r√©fl√©chissant,True
24,Que signifie le rev√™tement AR?,48,Auto-rifle üî´,False
26,Quelle est la forme typique des lunettes de pilote?,51,En forme de goutte,True
26,Quelle est la forme typique des lunettes de pilote?,52,Doflamingo üè¥‚Äç‚ò†Ô∏è,False
28,Que sont les lentilles progressives?,55,Des lentilles avec plusieurs points focaux,True
28,Que sont les lentilles progressives?,56,Des lentilles soluble sur 24h,False
31,Quelle est la fonction principale de l'iris?,61,Contr√¥le le diam√®tre de la pupille,True
31,Quelle est la fonction principale de l'iris?,62,Product Manager,False
32,Quel est le mat√©riau courant pour les montures?,63,Ac√©tate,True
32,Quel est le mat√©riau courant pour les montures?,64,B√©ton fuyard,False
36,Quel est l'avantage des montures l√©g√®res?,71,Confort accru,True
36,Quel est l'avantage des montures l√©g√®res?,72,L'impression d'√™tre nu,False
37,Quelle est la cause courante des yeux secs?,73,Manque d'humidit√©,True
37,Quelle est la cause courante des yeux secs?,74,Trop contempler sa moitier,False
39,Quel est le terme pour la vision double?,77,Diplopie,True
39,Quel est le terme pour la vision double?,78,Y louche le boug ou koi la team ??,False
41,Quel est le but des lentilles teint√©es?,81,R√©duire la luminosit√© et l'√©blouissement,True
41,Quel est le but des lentilles teint√©es?,82,Obtenir le sharingan,False
42,Qu'est-ce qu'une lentille scl√©rotique?,83,Une grande lentille de contact qui couvre la scl√®re,True
42,Qu'est-ce qu'une lentille scl√©rotique?,84,Une lentille atteinte de SEP,False
43,Quel est un sympt√¥me courant du glaucome?,85,Augmentation de la pression oculaire,True
43,Quel est un sympt√¥me courant du glaucome?,86,Diminution drastique de la production de pipi,False
44,Que fait un optom√©triste?,87,Effectue des examens de la vue et prescrit des lentilles,True
44,Que fait un optom√©triste?,88,Cherche √† arreter d'√™tre triste,False
46,Que signifie 'indice de lentille'?,91,√âpaisseur de la lentille,True
46,Que signifie 'indice de lentille'?,92,Poids net √©goutt√© du pantalon,False
47,Quel est le sympt√¥me courant des yeux secs?,93,Irritation et rougeur,True
47,Quel est le sympt√¥me courant des yeux secs?,94,Chialades incontrollables et virulentes,False
48,√Ä quoi sert une lentille prismatique?,95,Correction de la vision double,True
48,√Ä quoi sert une lentille prismatique?,96,Voir en couleur avant l'invention des couleurs,False
49,Quel est l'usage courant des bifocaux?,97,Vision de pr√®s et de loin,True
49,Quel est l'usage courant des bifocaux?,98,Loucher en toute discr√©tion et impunit√©,False
